reactant_1,reactant_2,product,mechanism,pair,arithmetic_score_1,arithmetic_score_2,arithmetic_score_3,arithmetic_score_4,arithmetic_score_5,arithmetic_score_1_reaxys_idx,arithmetic_score_2_reaxys_idx,arithmetic_score_3_reaxys_idx,arithmetic_score_4_reaxys_idx,arithmetic_score_5_reaxys_idx,geometric_score_1,geometric_score_2,geometric_score_3,geometric_score_4,geometric_score_5,geometric_score_1_reaxys_idx,geometric_score_2_reaxys_idx,geometric_score_3_reaxys_idx,geometric_score_4_reaxys_idx,geometric_score_5_reaxys_idx,harmonic_score_1,harmonic_score_2,harmonic_score_3,harmonic_score_4,harmonic_score_5,harmonic_score_1_reaxys_idx,harmonic_score_2_reaxys_idx,harmonic_score_3_reaxys_idx,harmonic_score_4_reaxys_idx,harmonic_score_5_reaxys_idx
Nc1cc(N)c(Cl)cc1Cl,CCNC(=S)Nc1cc(C(=O)O)cc(C(=O)O)c1,*Nc1cc(NC(=O)c2cc(NC(=S)NCC)cc(C(*)=O)c2)c(Cl)cc1Cl,"{'step_growth': ['di_amine', 'di_carboxylic_acid']}",1,0.24816849816849818,0.18888888888888888,0.17555555555555555,0.16792929292929293,0.16783029001074112,258.0,390.0,499.0,500.0,338.0,0.20965696734438366,0.16666666666666669,0.1632993161855452,0.15891043154093204,0.16386838133611553,258.0,390.0,338.0,499.0,500.0,0.1771217713463406,0.1470588236515571,0.15189873429069056,0.15037593996007687,0.1600000001046656,258.0,338.0,499.0,500.0,390.0
CC(C)(C)OC(=O)N(CCN)CCN,O=C(Cl)CCCCCCCCCCCCCCC(=O)Cl,*NCCN(CCNC(=O)CCCCCCCCCCCCCCC(*)=O)C(=O)OC(C)(C)C,"{'step_growth': ['di_acid_chloride', 'di_amine']}",1,0.2725490196078431,0.2725490196078431,0.2725490196078431,0.2725490196078431,0.2725490196078431,453.0,454.0,462.0,459.0,615.0,0.23431167445160245,0.23431167445160245,0.23431167445160245,0.23431167445160245,0.23431167445160245,421.0,28.0,615.0,453.0,454.0,0.20143884904695408,0.20143884904695408,0.20143884904695408,0.20143884904695408,0.20143884904695408,421.0,28.0,738.0,27.0,434.0
O=C(O)c1ccc(-c2ccc(C(=O)O)cc2)cc1,OCC(F)(F)c1cc(Br)ccc1O,*Oc1ccc(Br)cc1C(F)(F)COC(=O)c1ccc(-c2ccc(C(*)=O)cc2)cc1,"{'step_growth': ['di_carboxylic_acid', 'di_ol']}",1,0.3498168498168498,0.3102766798418972,0.3102766798418972,0.2675324675324675,0.2675324675324675,310.0,33.0,149.0,478.0,175.0,0.27066598098038336,0.30799620140360723,0.30799620140360723,0.2496751135729437,0.2496751135729437,33.0,149.0,310.0,175.0,478.0,0.20942408390976672,0.30573248417789767,0.30573248417789767,0.23300970885076822,0.23300970885076822,149.0,33.0,478.0,175.0,732.0
Nc1ccc(NS(=O)(=O)Nc2ccc(N)cc2)cc1,O=C(O)CCCCCCCCC(=O)O,*Nc1ccc(NS(=O)(=O)Nc2ccc(NC(=O)CCCCCCCCC(*)=O)cc2)cc1,"{'step_growth': ['di_amine', 'di_carboxylic_acid']}",1,0.4755747126436781,0.4755747126436781,0.4755747126436781,0.4755747126436781,0.4755747126436781,453.0,615.0,454.0,455.0,456.0,0.17778975055468987,0.17778975055468987,0.17778975055468987,0.17778975055468987,0.17778975055468987,448.0,757.0,462.0,615.0,456.0,0.06646525698360731,0.06646525698360731,0.06646525698360731,0.06646525698360731,0.06646525698360731,448.0,457.0,498.0,75.0,458.0
O=CNC(CSSCC(NC=O)C(=O)O)C(=O)O,CCOC(=O)c1ccc(C(F)(F)F)c(N)c1N,*Nc1c(C(F)(F)F)ccc(C(=O)OCC)c1NC(=O)C(CSSCC(NC=O)C(*)=O)NC=O,"{'step_growth': ['di_amine', 'di_carboxylic_acid']}",1,0.22863247863247865,0.21794871794871795,0.2170138888888889,0.2170138888888889,0.2170138888888889,76.0,73.0,17.0,77.0,25.0,0.22328804235236122,0.21452821193181423,0.20833333333333334,0.20833333333333334,0.20833333333333334,76.0,73.0,17.0,25.0,77.0,0.21806853593016567,0.21116138773509008,0.20000000010784,0.20000000010784,0.20000000010784,76.0,73.0,75.0,17.0,77.0
O=C(O)CCOCCOCCC(=O)O,COC(=O)c1cc(N)ccc1-c1ccc(N)cc1C(=O)OC,*Nc1ccc(-c2ccc(NC(=O)CCOCCOCCC(*)=O)cc2C(=O)OC)c(C(=O)OC)c1,"{'step_growth': ['di_amine', 'di_carboxylic_acid']}",1,0.29838709677419356,0.2676767676767677,0.2676767676767677,0.2676767676767677,0.2676767676767677,433.0,455.0,615.0,454.0,459.0,0.21997067253202993,0.20100756305184242,0.20100756305184242,0.20100756305184242,0.20100756305184242,651.0,250.0,522.0,433.0,364.0,0.1621621623078159,0.1509433963700249,0.1509433963700249,0.1509433963700249,0.1509433963700249,522.0,250.0,651.0,77.0,417.0
NCC1COC2C(CN)COC12,O=C(O)CCOCCOCCC(=O)O,*NCC1COC2C(CNC(=O)CCOCCOCCC(*)=O)COC12,"{'step_growth': ['di_amine', 'di_carboxylic_acid']}",1,0.2727272727272727,0.2472222222222222,0.24494949494949494,0.24494949494949494,0.2439613526570048,433.0,459.0,462.0,454.0,456.0,0.15075567228888181,0.14907119849998599,0.14213381090374028,0.14213381090374028,0.13900960937138318,261.0,594.0,310.0,212.0,492.0,0.08333333350277777,0.08988764061307918,0.08247422697045383,0.08247422697045383,0.07920792095961181,261.0,594.0,212.0,310.0,492.0
Cc1nc(O)c(N)c(O)n1,O=C=Nc1ccc(Oc2ccc(N=C=O)cc2)cc1,*Oc1nc(C)nc(OC(=O)Nc2ccc(Oc3ccc(NC(*)=O)cc3)cc2)c1N,"{'step_growth': ['di_isocyanate', 'di_ol']}",1,0.35543766578249336,0.35543766578249336,0.3269230769230769,0.29625779625779625,0.26523297491039427,196.0,197.0,198.0,303.0,759.0,0.30469361051139904,0.30469361051139904,0.24925925763107154,0.1706048917998224,0.21585870860091108,196.0,197.0,198.0,759.0,194.0,0.2611940299772611,0.2611940299772611,0.19004524901064676,0.09824561420192551,0.17567567580944118,197.0,196.0,194.0,198.0,759.0
O=C(O)c1csc(C(=O)O)c1Br,NCCN(CCN)CCO,*NCCN(CCO)CCNC(=O)c1csc(C(*)=O)c1Br,"{'step_growth': ['di_amine', 'di_carboxylic_acid']}",1,0.1939655172413793,0.18518518518518517,0.18007662835249041,0.18007662835249041,0.1793372319688109,459.0,433.0,454.0,462.0,736.0,0.18569533817705186,0.18144368465060579,0.1750752438129634,0.1750752438129634,0.17660431427533918,459.0,433.0,736.0,454.0,462.0,0.17777777788612348,0.17777777788177776,0.1702127660629244,0.1702127660629244,0.17391304358128543,459.0,433.0,736.0,454.0,462.0
O=C(O)c1ccccc1NN=Cc1ccc(C=NNc2ccccc2C(=O)O)cc1,OCCSCCSCCSCCSCCO,*OCCSCCSCCSCCSCCOC(=O)c1ccccc1NN=Cc1ccc(C=NNc2ccccc2C(*)=O)cc1,"{'step_growth': ['di_carboxylic_acid', 'di_ol']}",1,0.2222222222222222,0.20168067226890757,0.1984126984126984,0.1984126984126984,0.19215686274509802,459.0,433.0,462.0,454.0,736.0,0.19245008972987526,0.18333969940564226,0.1781741612749496,0.1781741612749496,0.17712297710801905,459.0,433.0,454.0,462.0,736.0,0.16666666679166664,0.16666666678402778,0.16000000011936,0.16000000011936,0.1632653062374844,459.0,433.0,736.0,462.0,454.0
N#Cc1ccc(C#N)c(N)c1N,O=C(O)CCCCCCCCC(=O)O,*Nc1c(C#N)ccc(C#N)c1NC(=O)CCCCCCCCC(*)=O,"{'step_growth': ['di_amine', 'di_carboxylic_acid']}",1,0.4583333333333333,0.4583333333333333,0.4583333333333333,0.4583333333333333,0.4583333333333333,454.0,453.0,459.0,462.0,456.0,0.0,0.0,0.0,0.0,0.0,449.0,498.0,539.0,538.0,499.0,1.999999999781818e-10,1.999999999781818e-10,1.999999999781818e-10,1.999999999781818e-10,1.999999999781818e-10,449.0,498.0,539.0,525.0,499.0
O=C(Cl)c1ccc(S(=O)(=O)c2ccc(C(=O)Cl)cc2)cc1,NCCCCCCCCCCCCCCCCN,*NCCCCCCCCCCCCCCCCNC(=O)c1ccc(S(=O)(=O)c2ccc(C(*)=O)cc2)cc1,"{'step_growth': ['di_acid_chloride', 'di_amine']}",1,0.22435897435897434,0.20512820512820512,0.19215686274509802,0.1774193548387097,0.175,588.0,335.0,338.0,438.0,310.0,0.19611613513818404,0.16012815380508713,0.17712297710801905,0.0,0.14907119849998596,588.0,338.0,736.0,335.0,539.0,0.17142857155216326,0.1250000001390625,0.1632653062374844,1.9999999994363636e-10,0.1269841271115646,588.0,338.0,448.0,736.0,539.0
Nc1nc(N)nc(S)n1,O=C(Cl)c1ccc(B(O)OB(O)c2ccc(C(=O)Cl)cc2)cc1,*Nc1nc(S)nc(NC(=O)c2ccc(B(O)OB(O)c3ccc(C(*)=O)cc3)cc2)n1,"{'step_growth': ['di_acid_chloride', 'di_amine']}",1,0.23886328725038403,0.234593837535014,0.2299498746867168,0.18154761904761904,0.16776315789473684,447.0,445.0,446.0,636.0,614.0,0.19200614429492774,0.18333969940564226,0.173421993904824,0.17251638983558856,0.16222142113076254,447.0,445.0,446.0,636.0,390.0,0.154340836148247,0.14328358222847495,0.13079019087881713,0.1639344263392099,0.15686274520453672,636.0,390.0,614.0,354.0,447.0
CC(C)(C)OC(=O)N(CCN)CCN,O=C(Cl)CCCCCCCCC(=O)Cl,*NCCN(CCNC(=O)CCCCCCCCC(*)=O)C(=O)OC(C)(C)C,"{'step_growth': ['di_acid_chloride', 'di_amine']}",1,0.2725490196078431,0.2725490196078431,0.2725490196078431,0.2725490196078431,0.2725490196078431,453.0,454.0,462.0,459.0,615.0,0.23431167445160245,0.23431167445160245,0.23431167445160245,0.23431167445160245,0.23431167445160245,421.0,28.0,615.0,453.0,454.0,0.20143884904695408,0.20143884904695408,0.20143884904695408,0.20143884904695408,0.20143884904695408,421.0,28.0,738.0,27.0,434.0
CCC(CC(=O)Cl)C(=O)Cl,NCCCOCCOCCCN,*NCCCOCCOCCCNC(=O)C(CC)CC(*)=O,"{'step_growth': ['di_acid_chloride', 'di_amine']}",1,0.22058823529411764,0.21554054054054053,0.20814479638009048,0.20814479638009048,0.20725806451612902,335.0,195.0,651.0,250.0,198.0,0.22009749333964362,0.1684588328891613,0.19897929586013585,0.19897929586013585,0.15026857675938213,335.0,250.0,651.0,364.0,23.0,0.21960784323769936,0.1316614421451853,0.1902173914129608,0.1902173914129608,0.10894941648984542,335.0,250.0,651.0,424.0,23.0
O=C(O)c1csc(C(=O)O)c1Br,NCCN(CCO)CCO,*OCCN(CCN)CCOC(=O)c1scc(C(*)=O)c1Br,"{'step_growth': ['di_carboxylic_acid', 'di_ol']}",1,0.1939655172413793,0.18518518518518517,0.18007662835249041,0.18007662835249041,0.1793372319688109,459.0,433.0,454.0,462.0,736.0,0.18569533817705186,0.18144368465060579,0.1750752438129634,0.1750752438129634,0.17660431427533918,459.0,433.0,736.0,454.0,462.0,0.17777777788612348,0.17777777788177776,0.1702127660629244,0.1702127660629244,0.17391304358128543,459.0,433.0,736.0,454.0,462.0
NN=C(c1ccccc1)c1cc(Br)ccc1N,O=C(O)CCOCCOCCC(=O)O,*NN=C(c1ccccc1)c1cc(Br)ccc1NC(=O)CCOCCOCCC(*)=O,"{'step_growth': ['di_amine', 'di_carboxylic_acid']}",1,0.2777777777777778,0.2610810810810811,0.25415800415800416,0.24853801169590642,0.24853801169590642,433.0,364.0,250.0,455.0,462.0,0.16666666666666666,0.24161617987704875,0.23692415692169538,0.1529438225803745,0.1529438225803745,364.0,250.0,195.0,149.0,33.0,0.100000000164,0.22360248458640486,0.22085889581862322,0.09411764722095502,0.09411764722095502,364.0,250.0,195.0,498.0,33.0
OCC(CO)C1CCC2(CC1)OCCO2,COc1ccc(C(=O)O)cc1-c1cc(C(=O)O)ccc1OC,*OCC(COC(=O)c1ccc(OC)c(-c2cc(C(*)=O)ccc2OC)c1)C1CCC2(CC1)OCCO2,"{'step_growth': ['di_carboxylic_acid', 'di_ol']}",1,0.2490118577075099,0.24498692240627726,0.17500000000000002,0.17424242424242425,0.1717687074829932,303.0,310.0,614.0,626.0,254.0,0.1405803892788833,0.21897757187309172,0.11653431646335018,0.17407765595569785,0.14621894734833113,310.0,626.0,261.0,594.0,417.0,0.07936507953320736,0.1957295374866542,0.07760141109040061,0.17391304357844992,0.12446958994366099,310.0,626.0,261.0,594.0,417.0
O=C(CSc1nnc(SCC(=O)c2ccc(O)cc2)s1)c1ccc(O)cc1,O=C(O)CN(CC(=O)O)C(=O)Cc1ccccc1,*Oc1ccc(C(=O)CSc2nnc(SCC(=O)c3ccc(OC(=O)CN(CC(*)=O)C(=O)Cc4ccccc4)cc3)s2)cc1,"{'step_growth': ['di_carboxylic_acid', 'di_ol']}",1,0.27840909090909094,0.27840909090909094,0.24375,0.24375,0.20645446507515475,175.0,478.0,717.0,716.0,498.0,0.26111648393354675,0.26111648393354675,0.23385358667337133,0.23385358667337133,0.17841031003501578,175.0,478.0,716.0,717.0,310.0,0.24489795929571015,0.24489795929571015,0.22435897446692965,0.22435897446692965,0.15417558899041856,478.0,175.0,716.0,717.0,310.0
N#Cc1c(N)cc(N)[nH]c1=S,CC(SCC(=O)O)C(=O)O,*Nc1cc(NC(=O)CSC(C)C(*)=O)[nH]c(=S)c1C#N,"{'step_growth': ['di_amine', 'di_carboxylic_acid']}",1,0.21237458193979933,0.16376811594202897,0.16376811594202897,0.15303030303030302,0.14676508901432914,146.0,714.0,715.0,433.0,338.0,0.16357216402190614,0.1318760946791574,0.1318760946791574,0.09534625892455922,0.13978458708288047,146.0,500.0,338.0,272.0,714.0,0.1259842521091822,0.10619469040064217,0.10619469040064217,0.05940594075523968,0.13313609478384247,500.0,272.0,338.0,247.0,146.0
Nc1cccc2c(N)cccc12,O=C(O)CCOCCOCCC(=O)O,*Nc1cccc2c(NC(=O)CCOCCOCCC(*)=O)cccc12,"{'step_growth': ['di_amine', 'di_carboxylic_acid']}",1,0.2923076923076923,0.2669565217391304,0.2600334448160535,0.25,0.23376623376623376,390.0,364.0,250.0,433.0,498.0,0.1653796461189446,0.2502172968684897,0.2453582460328592,0.0,0.2279211529192759,364.0,250.0,498.0,195.0,166.0,0.09356725162997845,0.23452768740856456,0.2315112541302613,1.9999999996e-10,0.22222222232716052,364.0,250.0,498.0,195.0,166.0
O=C=NCCCCCCCCN=C=O,COc1ccc(CO)c(Br)c1O,*Oc1c(OC)ccc(COC(=O)NCCCCCCCCNC(*)=O)c1Br,"{'step_growth': ['di_isocyanate', 'di_ol']}",1,0.5666666666666667,0.5555555555555556,0.5526315789473684,0.5288461538461539,0.4041353383458646,762.0,763.0,526.0,525.0,58.0,0.3651483716701107,0.3333333333333333,0.3244428422615251,0.2401922307076307,0.22941573387056177,762.0,763.0,526.0,525.0,194.0,0.2352941178055363,0.200000000164,0.19047619064172336,0.109090909270281,0.13023255830730987,762.0,194.0,763.0,196.0,197.0
O=C(O)c1ccc(-c2ccc(C(=O)O)cc2)cc1,CC(C)(C)c1cc(C(C)(C)c2ccc(O)c(C(C)(C)C)c2)ccc1O,*Oc1ccc(C(C)(C)c2ccc(OC(=O)c3ccc(-c4ccc(C(*)=O)cc4)cc3)c(C(C)(C)C)c2)cc1C(C)(C)C,"{'step_growth': ['di_carboxylic_acid', 'di_ol']}",1,0.40468227424749165,0.40468227424749165,0.40468227424749165,0.40468227424749165,0.3571428571428571,722.0,724.0,731.0,723.0,310.0,0.4006683379765067,0.4006683379765067,0.4006683379765067,0.4006683379765067,0.2857142857142857,722.0,723.0,724.0,731.0,33.0,0.396694214978007,0.396694214978007,0.396694214978007,0.396694214978007,0.22857142870742855,723.0,722.0,724.0,731.0,33.0
O=C=NCCCCCCCCCCCCN=C=O,CCOc1ccccc1OCC(O)CO,*OCC(COc1ccccc1OCC)OC(=O)NCCCCCCCCCCCCNC(*)=O,"{'step_growth': ['di_isocyanate', 'di_ol']}",1,0.5777777777777777,0.5714285714285714,0.5648148148148148,0.56,0.4033047735618115,762.0,526.0,763.0,525.0,58.0,0.39440531887330776,0.3779644730092272,0.3600411499115478,0.34641016151377546,0.22673241660444166,762.0,526.0,763.0,525.0,520.0,0.2692307693841716,0.25000000015625,0.22950819688067722,0.21428571444744898,0.12746585752803047,520.0,762.0,526.0,194.0,763.0
CCOc1c(O)ccc(CC#N)c1O,O=C(O)c1ccc(S(=O)(=O)c2ccc(C(=O)O)cc2)cc1,*Oc1c(CC#N)ccc(OC(=O)c2ccc(S(=O)(=O)c3ccc(C(*)=O)cc3)cc2)c1OCC,"{'step_growth': ['di_carboxylic_acid', 'di_ol']}",1,0.2981395348837209,0.2597402597402597,0.24005681818181818,0.23969344608879492,0.2378917378917379,310.0,168.0,303.0,204.0,722.0,0.23624976928744734,0.19738550848793068,0.21650635094610965,0.18958059864517743,0.23061089851678704,310.0,722.0,731.0,724.0,723.0,0.18720748843674004,0.15000000014224998,0.19526627230800744,0.14994487334582232,0.22355289431760433,723.0,722.0,724.0,731.0,303.0
O=C(Cl)OC1CS(=O)(=O)CC1OC(=O)Cl,O=Cc1c(O)cccc1O,*Oc1cccc(OC(=O)OC2CS(=O)(=O)CC2OC(*)=O)c1C=O,"{'step_growth': ['di_acid_chloride', 'di_ol']}",1,0.17897727272727273,0.17897727272727273,0.166875,0.166875,0.16603773584905662,354.0,390.0,478.0,175.0,131.0,0.11918282365569904,0.11918282365569904,0.15,0.15,0.1625272110744002,131.0,783.0,798.0,166.0,537.0,0.0793650795207357,0.0793650795207357,0.13483146079335942,0.13483146079335942,0.159090909195093,131.0,783.0,798.0,166.0,76.0
Cc1cc(Br)c(N)cc1N,O=C(O)COCCOCCOCC(=O)O,*Nc1cc(NC(=O)COCCOCCOCC(*)=O)c(C)cc1Br,"{'step_growth': ['di_amine', 'di_carboxylic_acid']}",1,0.21448275862068966,0.21142857142857144,0.20755968169761274,0.20164835164835165,0.1943573667711599,364.0,3.0,250.0,651.0,538.0,0.15756771943166706,0.2,0.1545078607873814,0.14064216928154863,0.19395245515057077,3.0,538.0,195.0,364.0,250.0,0.11575562715567664,0.18918918929970782,0.11501597458548111,0.09809264320312572,0.19354838719719045,538.0,3.0,195.0,338.0,33.0
O=C(O)CCOCCOCCC(=O)O,OCCNc1nc(Cl)nc(NCCO)n1,*OCCNc1nc(Cl)nc(NCCOC(=O)CCOCCOCCC(*)=O)n1,"{'step_growth': ['di_carboxylic_acid', 'di_ol']}",1,0.3333333333333333,0.31313131313131315,0.3055555555555555,0.3055555555555555,0.3022222222222222,433.0,459.0,462.0,454.0,453.0,0.28867513459481287,0.28426762180748055,0.2721655269759087,0.2721655269759087,0.26666666666666666,433.0,459.0,462.0,454.0,453.0,0.250000000125,0.2580645162466181,0.24242424254490358,0.24242424254490358,0.23529411776920417,459.0,433.0,462.0,454.0,453.0
Nc1ccc(Sc2ccc(Sc3ccc(Sc4ccc(N)cc4)cc3)cc2)cc1,O=C(O)C1(C(=O)O)CCOCC1,*Nc1ccc(Sc2ccc(Sc3ccc(Sc4ccc(NC(=O)C5(C(*)=O)CCOCC5)cc4)cc3)cc2)cc1,"{'step_growth': ['di_amine', 'di_carboxylic_acid']}",1,0.31010452961672474,0.21296296296296297,0.21296296296296297,0.20935960591133004,0.17847157502329916,354.0,254.0,595.0,614.0,613.0,0.16695677422593644,0.12001371663718259,0.12001371663718259,0.19851666679418606,0.1495566607710532,614.0,354.0,498.0,539.0,499.0,0.08988764062045197,0.06763285040978786,0.06763285040978786,0.18823529422773702,0.12532637088695814,614.0,498.0,539.0,499.0,538.0
O=C(O)C1CCC(C(=O)O)N1C(=O)OCc1ccccc1,NCCCCCCCCCCCCCCCCN,*NCCCCCCCCCCCCCCCCNC(=O)C1CCC(C(*)=O)N1C(=O)OCc1ccccc1,"{'step_growth': ['di_amine', 'di_carboxylic_acid']}",1,0.3566666666666667,0.22180451127819548,0.21272727272727274,0.2074829931972789,0.20025510204081634,588.0,498.0,18.0,335.0,19.0,0.3559026084010437,0.2123976976214366,0.13142574813455418,0.1649572197684645,0.14412700910026055,588.0,498.0,251.0,453.0,455.0,0.3551401870163159,0.2033898306167768,0.08119658135841186,0.13114754112039773,0.10373066438841912,588.0,498.0,251.0,762.0,453.0
CC(C)(N=C=O)c1cccc(C(C)(C)N=C=O)c1,OCC(CO)NC1CCCCC1,*OCC(COC(=O)NC(C)(C)c1cccc(C(C)(C)NC(*)=O)c1)NC1CCCCC1,"{'step_growth': ['di_isocyanate', 'di_ol']}",1,0.23333333333333334,0.2238095238095238,0.18095238095238095,0.18040873854827344,0.17142857142857143,195.0,194.0,198.0,144.0,197.0,0.21081851067789195,0.19518001458970663,0.1745743121887939,0.17807996398511175,0.16162440712835371,195.0,194.0,144.0,198.0,197.0,0.1904761905945578,0.1702127660813943,0.16842105273850416,0.175781250102565,0.15238095249206346,195.0,144.0,194.0,198.0,196.0
O=C(O)CCCCCCCCCCCCCCCCCCCCCCCCCCCCCCC(=O)O,Cc1nc(O)c(N)c(O)n1,*Oc1nc(C)nc(OC(=O)CCCCCCCCCCCCCCCCCCCCCCCCCCCCCCC(*)=O)c1N,"{'step_growth': ['di_carboxylic_acid', 'di_ol']}",1,0.5372807017543859,0.5333333333333333,0.5333333333333333,0.5083333333333333,0.48464912280701755,454.0,453.0,455.0,462.0,459.0,0.380442955126341,0.3708099243547831,0.3708099243547831,0.3027650354097492,0.2196488425534897,454.0,453.0,455.0,433.0,462.0,0.2693877552519017,0.25781250015166013,0.25781250015166013,0.1803278690169847,0.09954751149167707,454.0,453.0,455.0,433.0,28.0
CC(Cc1ccccc1Br)(C(=O)O)C(=O)O,CCOC(=O)c1c(O)cc(O)nc1N,*Oc1cc(OC(=O)C(C)(Cc2ccccc2Br)C(*)=O)c(C(=O)OCC)c(N)n1,"{'step_growth': ['di_carboxylic_acid', 'di_ol']}",1,0.23588039867109634,0.22460220318237453,0.22240259740259738,0.21683673469387754,0.21683673469387754,77.0,74.0,76.0,94.0,95.0,0.23055616708169396,0.2212681819040718,0.21320071635561041,0.2142857142857143,0.2142857142857143,77.0,74.0,95.0,94.0,76.0,0.22535211278051973,0.21798365132910483,0.20437956215189942,0.21176470598469205,0.21176470598469205,77.0,74.0,94.0,95.0,72.0
COc1ccc(C(=O)Cl)c(C(=O)Cl)c1,CN(CCCN)CCCN,*NCCCN(C)CCCNC(=O)c1cc(OC)ccc1C(*)=O,"{'step_growth': ['di_acid_chloride', 'di_amine']}",1,0.2106951871657754,0.19200954084675015,0.17559523809523808,0.16202346041055718,0.15913621262458472,588.0,338.0,394.0,609.0,434.0,0.19347649748797371,0.1810984834382592,0.17251638983558856,0.14830419716704143,0.1411862416005035,588.0,338.0,394.0,76.0,77.0,0.17766497473496612,0.1708074535271913,0.16949152552720484,0.13574660645105957,0.12526096045531618,588.0,338.0,394.0,23.0,625.0
CC(C)(C)OCC(O)CO,CC(CC(=O)Cl)C(=O)Cl,*OCC(COC(C)(C)C)OC(=O)C(C)CC(*)=O,"{'step_growth': ['di_acid_chloride', 'di_ol']}",1,0.2727272727272727,0.24731182795698925,0.2153846153846154,0.20050125313283207,0.19847670250896057,451.0,421.0,737.0,306.0,335.0,0.2689127174136189,0.23186944788008412,0.21483446221182986,0.20025046972870356,0.18932061141568826,451.0,421.0,737.0,306.0,75.0,0.2651515152542929,0.21739130445992438,0.2142857143862245,0.20000000010025,0.1805869075582235,451.0,421.0,737.0,306.0,75.0
O=C(CBr)c1cc(O)c(Br)cc1O,O=C(O)CCCCCCCCCCCCCCCCCCCCCCCCCCCCCCC(=O)O,*Oc1cc(Br)c(OC(=O)CCCCCCCCCCCCCCCCCCCCCCCCCCCCCCC(*)=O)cc1C(=O)CBr,"{'step_growth': ['di_carboxylic_acid', 'di_ol']}",1,0.5416666666666666,0.5416666666666666,0.5416666666666666,0.5416666666666666,0.5416666666666666,462.0,459.0,456.0,455.0,454.0,0.3908679799852858,0.3908679799852858,0.3908679799852858,0.3908679799852858,0.3908679799852858,453.0,455.0,615.0,462.0,459.0,0.28205128219921105,0.28205128219921105,0.28205128219921105,0.28205128219921105,0.28205128219921105,456.0,615.0,462.0,459.0,455.0
CC(C)C(N)=NN,O=C(O)c1cc(NC(=O)c2ccccc2C(=O)O)ccc1Cl,*NC(=NNC(=O)c1cc(NC(=O)c2ccccc2C(*)=O)ccc1Cl)C(C)C,"{'step_growth': ['di_amine', 'di_carboxylic_acid']}",1,0.20395327942497754,0.18601190476190477,0.16193181818181818,0.1565452091767881,0.15476190476190477,146.0,144.0,368.0,258.0,612.0,0.2010752765666659,0.18093671611393647,0.15990053726670783,0.146943671674129,0.1543033499620919,146.0,144.0,368.0,612.0,744.0,0.19823788556535735,0.17600000010538241,0.15789473694459832,0.13793103459464923,0.15384615394674558,146.0,144.0,368.0,612.0,744.0
O=C=NCCCCCCCCCCCCN=C=O,COc1ccc(CO)c(Br)c1O,*Oc1c(OC)ccc(COC(=O)NCCCCCCCCCCCCNC(*)=O)c1Br,"{'step_growth': ['di_isocyanate', 'di_ol']}",1,0.5666666666666667,0.5555555555555556,0.5526315789473684,0.5288461538461539,0.4041353383458646,762.0,763.0,526.0,525.0,58.0,0.3651483716701107,0.3333333333333333,0.3244428422615251,0.2401922307076307,0.22941573387056177,762.0,763.0,526.0,525.0,194.0,0.2352941178055363,0.200000000164,0.19047619064172336,0.109090909270281,0.13023255830730987,762.0,194.0,763.0,196.0,197.0
CC(SCCCC(=O)O)C(=O)O,N=C(N)NCCCCCCCCCCNC(=N)N,*NC(=N)NCCCCCCCCCCNC(=N)NC(=O)CCCSC(C)C(*)=O,"{'step_growth': ['di_amine', 'di_carboxylic_acid']}",1,0.3135964912280702,0.3135964912280702,0.28728070175438597,0.28728070175438597,0.27355072463768115,453.0,455.0,454.0,462.0,459.0,0.2961744388795462,0.2961744388795462,0.2564945880212885,0.2564945880212885,0.23312620206007845,453.0,455.0,462.0,454.0,738.0,0.2797202798310822,0.2797202798310822,0.2290076337080706,0.2290076337080706,0.19867549681611332,455.0,453.0,462.0,454.0,434.0
Nc1cccc(O)c1N,O=C(O)CCCCCCCCCCCCCCCCCCCCCCCCCCCCCCC(=O)O,*Nc1cccc(O)c1NC(=O)CCCCCCCCCCCCCCCCCCCCCCCCCCCCCCC(*)=O,"{'step_growth': ['di_amine', 'di_carboxylic_acid']}",1,0.48333333333333334,0.481060606060606,0.481060606060606,0.4800724637681159,0.4800724637681159,459.0,462.0,454.0,453.0,455.0,0.21408720964441882,0.2041241452319315,0.2041241452319315,0.1996373523761726,0.1996373523761726,498.0,459.0,500.0,454.0,462.0,0.09482758638727708,0.08661417341034162,0.08661417341034162,0.08301886810723531,0.08301886810723531,498.0,500.0,539.0,499.0,538.0
O=C(O)CCC1(CCC(=O)O)N=N1,Oc1ccc(O)c(OC(F)(F)F)c1,*Oc1ccc(OC(=O)CCC2(CCC(*)=O)N=N2)cc1OC(F)(F)F,"{'step_growth': ['di_carboxylic_acid', 'di_ol']}",1,0.23946360153256704,0.21851851851851853,0.21724137931034485,0.21724137931034485,0.21666666666666667,433.0,459.0,454.0,462.0,455.0,0.12379689211803457,0.12171612389003691,0.11744404390294069,0.11744404390294069,0.11547005383792516,724.0,731.0,722.0,723.0,478.0,0.0640000001732736,0.06779661033846596,0.063492063662837,0.063492063662837,0.061538461710059174,722.0,723.0,724.0,731.0,478.0
O=C(O)c1ccc(-c2ccc(C(=O)O)cc2)cc1,NCC(SC(CN)c1ccccc1)c1ccccc1,*NCC(SC(CNC(=O)c1ccc(-c2ccc(C(*)=O)cc2)cc1)c1ccccc1)c1ccccc1,"{'step_growth': ['di_amine', 'di_carboxylic_acid']}",1,0.3463203463203463,0.29532967032967034,0.29532967032967034,0.27840909090909094,0.26221804511278196,310.0,716.0,717.0,498.0,303.0,0.2631806779839076,0.29417420270727607,0.29417420270727607,0.26111648393354675,0.22735815209336188,717.0,716.0,310.0,498.0,380.0,0.20000000014224997,0.2930232559147345,0.2930232559147345,0.24489795929571015,0.19713261661227632,717.0,716.0,498.0,380.0,386.0
NOCCON,O=C(O)CCCCSc1ccccc1C(=O)O,*NOCCONC(=O)CCCCSc1ccccc1C(*)=O,"{'step_growth': ['di_amine', 'di_carboxylic_acid']}",1,0.22499999999999998,0.21904761904761905,0.21904761904761905,0.21666666666666665,0.21666666666666665,459.0,462.0,454.0,456.0,453.0,0.17480147469502524,0.1618347187425374,0.1618347187425374,0.15634719199411432,0.15634719199411432,76.0,364.0,463.0,537.0,250.0,0.1358024692754458,0.1195652175367202,0.1195652175367202,0.11282051296844181,0.11282051296844181,463.0,537.0,364.0,76.0,250.0
Cc1ccc(S(=O)(=O)N=C(N)N)cc1,O=C(O)CCOCCOCCOCCOCCOCCOCCOCCOCCOCCOCCOCCOCCOCCOCCOCCOCCOCCOCCOCCOCCOCCOCCOCCOCCOCCOCCOCCOCCOCCC(=O)O,*NC(=NS(=O)(=O)c1ccc(C)cc1)NC(=O)CCOCCOCCOCCOCCOCCOCCOCCOCCOCCOCCOCCOCCOCCOCCOCCOCCOCCOCCOCCOCCOCCOCCOCCOCCOCCOCCOCCOCCOCCC(*)=O,"{'step_growth': ['di_amine', 'di_carboxylic_acid']}",1,0.282258064516129,0.2525252525252525,0.2525252525252525,0.2525252525252525,0.2525252525252525,433.0,459.0,456.0,615.0,462.0,0.1796053020267749,0.16412198797244365,0.16412198797244365,0.16412198797244365,0.16412198797244365,195.0,77.0,75.0,457.0,74.0,0.11428571444522448,0.10666666682442667,0.10666666682442667,0.10666666682442667,0.10666666682442667,77.0,75.0,195.0,457.0,74.0
O=C(Cl)COCCOCCOCC(=O)Cl,Nc1ccc(Oc2cccc(Oc3ccc(N)cc3)c2)cc1,*Nc1ccc(Oc2cccc(Oc3ccc(NC(=O)COCCOCCOCC(*)=O)cc3)c2)cc1,"{'step_growth': ['di_acid_chloride', 'di_amine']}",1,0.25833333333333336,0.23974358974358972,0.23333333333333334,0.22982456140350876,0.225,614.0,364.0,250.0,613.0,354.0,0.19002923751652298,0.21483446221182986,0.21081851067789195,0.1067872125861979,0.14142135623730953,364.0,250.0,195.0,614.0,142.0,0.13978494638244882,0.19251336910365754,0.1904761905945578,0.04961832078909737,0.08888888904938273,195.0,364.0,250.0,142.0,537.0
O=C(O)c1cnc(C(=O)O)cn1,Nc1cc(F)cc(C(=O)O)c1N,*Nc1cc(F)cc(C(=O)O)c1NC(=O)c1cnc(C(*)=O)cn1,"{'step_growth': ['di_amine', 'di_carboxylic_acid']}",1,0.23755656108597284,0.22903225806451613,0.22518610421836227,0.22518610421836227,0.22518610421836227,310.0,175.0,722.0,733.0,732.0,0.23543547789870936,0.2271847336988259,0.2227729596770565,0.2227729596770565,0.2227729596770565,310.0,175.0,729.0,723.0,724.0,0.2333333334351111,0.22535211277766318,0.22038567503326126,0.22038567503326126,0.22038567503326126,310.0,175.0,727.0,722.0,733.0
O=C(O)CCOCCOCCC(=O)O,OC(CCl)C(O)CSc1cccc2ccccc12,*OC(CSc1cccc2ccccc12)C(CCl)OC(=O)CCOCCOCCC(*)=O,"{'step_growth': ['di_carboxylic_acid', 'di_ol']}",1,0.27941176470588236,0.2610810810810811,0.2588075880758807,0.25415800415800416,0.2534722222222222,433.0,364.0,615.0,250.0,459.0,0.17149858514250885,0.24161617987704875,0.18033392693348646,0.23692415692169538,0.16666666666666666,364.0,250.0,146.0,271.0,195.0,0.10526315805706371,0.22360248458640486,0.12565445041322879,0.22085889581862322,0.10958904125265528,364.0,250.0,146.0,498.0,271.0
Oc1ccccc1C(O)CBr,O=C(O)CCCCCCCCC(=O)O,*OC(CBr)c1ccccc1OC(=O)CCCCCCCCC(*)=O,"{'step_growth': ['di_carboxylic_acid', 'di_ol']}",1,0.5037878787878788,0.5,0.4967948717948718,0.4967948717948718,0.49537037037037035,615.0,459.0,462.0,454.0,456.0,0.28867513459481287,0.2763853991962833,0.2655425022718972,0.2655425022718972,0.26057865332352387,615.0,459.0,454.0,462.0,455.0,0.1654135340017525,0.1527777779472222,0.1419354840423975,0.1419354840423975,0.13707165126267212,537.0,498.0,146.0,463.0,538.0
O=C(Cl)CCCCCCCCC(=O)Cl,Nc1ccc(N)c2cnncc12,*Nc1ccc(NC(=O)CCCCCCCCC(*)=O)c2cnncc12,"{'step_growth': ['di_acid_chloride', 'di_amine']}",1,0.20588235294117646,0.20588235294117646,0.20588235294117646,0.20588235294117646,0.20588235294117646,455.0,615.0,462.0,459.0,456.0,0.0,0.0,0.0,0.0,0.0,525.0,537.0,75.0,500.0,355.0,1.9999999995142856e-10,1.9999999995142856e-10,1.9999999995142856e-10,1.9999999995142856e-10,1.9999999995142856e-10,525.0,537.0,500.0,355.0,498.0
NCCOCCOCCN,O=C(O)CCCC(=O)NC(CC(=O)O)c1ccccc1,*NCCOCCOCCNC(=O)CCCC(=O)NC(CC(*)=O)c1ccccc1,"{'step_growth': ['di_amine', 'di_carboxylic_acid']}",1,0.24676850763807287,0.24042792792792794,0.22982456140350876,0.20454545454545453,0.19855072463768114,364.0,250.0,588.0,195.0,335.0,0.23995690956687135,0.23490461932490853,0.22685234912624017,0.1994310088043664,0.18650096164806276,364.0,250.0,588.0,195.0,463.0,0.23333333343877782,0.2295081968258533,0.22391857516618302,0.1944444445493827,0.17518248186359422,364.0,250.0,588.0,195.0,537.0
O=C(O)c1cnc(Cl)cc1C(=O)O,CC(C)(O)CCCCO,*OCCCCC(C)(C)OC(=O)c1cc(Cl)ncc1C(*)=O,"{'step_growth': ['di_carboxylic_acid', 'di_ol']}",1,0.29282407407407407,0.28771551724137934,0.27995642701525053,0.27484787018255574,0.27484787018255574,433.0,454.0,736.0,455.0,453.0,0.2545875386086578,0.24565184222025874,0.24698619121164944,0.2383172923768684,0.2383172923768684,433.0,736.0,454.0,453.0,455.0,0.22134387364219715,0.20973782784245817,0.21789883280699177,0.20664206654548006,0.20664206654548006,433.0,736.0,454.0,453.0,455.0
Nc1ccc(NS(=O)(=O)c2cccc(N)c2)cc1,O=C(O)CCOCCOCCOCCOCCOCCOCCOCCOCCOCCOCCOCCOCCOCCOCCOCCOCCOCCOCCOCCOCCOCCOCCOCCOCCOCCOCCOCCOCCOCCC(=O)O,*Nc1ccc(NS(=O)(=O)c2cccc(NC(=O)CCOCCOCCOCCOCCOCCOCCOCCOCCOCCOCCOCCOCCOCCOCCOCCOCCOCCOCCOCCOCCOCCOCCOCCOCCOCCOCCOCCOCCOCCC(*)=O)c2)cc1,"{'step_growth': ['di_amine', 'di_carboxylic_acid']}",1,0.2638888888888889,0.2365079365079365,0.2353801169590643,0.2353801169590643,0.2353801169590643,433.0,456.0,453.0,454.0,462.0,0.11785113019775792,0.1126872339638022,0.10814761408717502,0.10814761408717502,0.10814761408717502,195.0,166.0,364.0,250.0,457.0,0.05263157912742382,0.05369127534508355,0.04968944117267852,0.04968944117267852,0.04968944117267852,195.0,166.0,457.0,33.0,500.0
O=C=Nc1ccc(Cc2ccc(N=C=O)cc2)cc1,COc1cc(N)c(N)cn1,*Nc1cc(OC)ncc1NC(=O)Nc1ccc(Cc2ccc(NC(*)=O)cc2)cc1,"{'step_growth': ['di_amine', 'di_isocyanate']}",1,0.5555555555555556,0.5555555555555556,0.5357142857142857,0.5256410256410257,0.34285714285714286,197.0,196.0,303.0,198.0,393.0,0.3333333333333333,0.3333333333333333,0.2672612419124244,0.22645540682891915,0.22677868380553634,196.0,197.0,303.0,393.0,198.0,0.200000000164,0.200000000164,0.13333333350844442,0.09756097579119573,0.15000000015625,196.0,197.0,759.0,525.0,354.0
O=C(Cl)CCCCCCCCCCCCCCC(=O)Cl,Nc1ccc(N)c2cnncc12,*Nc1ccc(NC(=O)CCCCCCCCCCCCCCC(*)=O)c2cnncc12,"{'step_growth': ['di_acid_chloride', 'di_amine']}",1,0.20588235294117646,0.20588235294117646,0.20588235294117646,0.20588235294117646,0.20588235294117646,455.0,615.0,462.0,459.0,456.0,0.0,0.0,0.0,0.0,0.0,525.0,537.0,75.0,500.0,355.0,1.9999999995142856e-10,1.9999999995142856e-10,1.9999999995142856e-10,1.9999999995142856e-10,1.9999999995142856e-10,525.0,537.0,500.0,355.0,498.0
CC(C)(c1ccc(OC(=O)Cl)cc1)c1ccc(OC(=O)Cl)cc1,Nc1ccc2c(c1)C(=O)c1cc(N)ccc1-2,*Nc1ccc2c(c1)C(=O)c1cc(NC(=O)Oc3ccc(C(C)(C)c4ccc(OC(*)=O)cc4)cc3)ccc1-2,"{'step_growth': ['di_acid_chloride', 'di_amine']}",1,0.28095238095238095,0.28095238095238095,0.28095238095238095,0.28095238095238095,0.27811550151975684,724.0,731.0,722.0,723.0,171.0,0.23904572186687872,0.23904572186687872,0.23904572186687872,0.23904572186687872,0.2339043526756351,731.0,724.0,723.0,722.0,477.0,0.2033898306360816,0.2033898306360816,0.2033898306360816,0.2033898306360816,0.19672131160467615,731.0,722.0,723.0,724.0,303.0
Cc1cc(-c2ccc(N)c(C)c2)ccc1N,O=C(O)C1CNCC(C(=O)O)C1,*Nc1ccc(-c2ccc(NC(=O)C3CNCC(C(*)=O)C3)c(C)c2)cc1C,"{'step_growth': ['di_amine', 'di_carboxylic_acid']}",1,0.20833333333333331,0.16724738675958187,0.16687344913151364,0.16145833333333331,0.158008658008658,538.0,390.0,650.0,500.0,505.0,0.2041241452319315,0.11805626722019105,0.13179426029666996,0.1613743060919757,0.09304842103984709,538.0,500.0,498.0,539.0,499.0,0.20000000010400001,0.08333333348350695,0.10408921946847888,0.16129032268074922,0.05479452071326703,538.0,500.0,498.0,539.0,499.0
O=C(O)c1ccc(-c2ccc(C(=O)O)cc2)cc1,OCC(F)(F)c1cc(Cl)ccc1O,*Oc1ccc(Cl)cc1C(F)(F)COC(=O)c1ccc(-c2ccc(C(*)=O)cc2)cc1,"{'step_growth': ['di_carboxylic_acid', 'di_ol']}",1,0.3498168498168498,0.2675324675324675,0.2675324675324675,0.26461038961038963,0.2623355263157895,310.0,175.0,478.0,303.0,480.0,0.27066598098038336,0.2496751135729437,0.2496751135729437,0.23145502494313785,0.23992871748434827,310.0,175.0,478.0,730.0,722.0,0.20942408390976672,0.23300970885076822,0.23300970885076822,0.20245398785355112,0.21943573679346903,478.0,175.0,493.0,726.0,730.0
Nc1ccc(N)c2ccccc12,O=C(O)C1CNCC(C(=O)O)C1,*Nc1ccc(NC(=O)C2CNCC(C(*)=O)C2)c2ccccc12,"{'step_growth': ['di_amine', 'di_carboxylic_acid']}",1,0.2910569105691057,0.22619047619047616,0.22440087145969498,0.22440087145969498,0.21262626262626264,390.0,498.0,595.0,254.0,173.0,0.16129556770910236,0.21821789023599236,0.12349309560582472,0.12349309560582472,0.11891767800211263,498.0,146.0,538.0,499.0,543.0,0.08938547502962454,0.21052631589639892,0.06796116521825808,0.06796116521825808,0.06650831370791296,498.0,538.0,499.0,146.0,543.0
O=C(c1cccc(Br)c1)C(O)O,O=C(O)CN(CC(=O)O)C(=O)Cc1ccccc1,*OC(OC(=O)CN(CC(*)=O)C(=O)Cc1ccccc1)C(=O)c1cccc(Br)c1,"{'step_growth': ['di_carboxylic_acid', 'di_ol']}",1,0.29261363636363635,0.29261363636363635,0.2825,0.2549019607843137,0.2549019607843137,717.0,716.0,31.0,33.0,149.0,0.2919371040605711,0.2919371040605711,0.2345207879911715,0.24253562503633297,0.24253562503633297,716.0,717.0,94.0,95.0,149.0,0.291262136022792,0.291262136022792,0.19469026561780875,0.23076923087869824,0.23076923087869824,717.0,716.0,94.0,95.0,149.0
O=C(O)c1cnc(Cl)cc1C(=O)O,CCOC(=O)Cc1cc(O)cc(O)c1Br,*Oc1cc(OC(=O)c2cc(Cl)ncc2C(*)=O)cc(CC(=O)OCC)c1Br,"{'step_growth': ['di_carboxylic_acid', 'di_ol']}",1,0.25681818181818183,0.24279379157427938,0.24166666666666664,0.22764227642276422,0.22593582887700536,76.0,77.0,73.0,74.0,25.0,0.23354968324845687,0.21058465757133066,0.22360679774997896,0.20161945963637795,0.17912443020795965,76.0,73.0,77.0,338.0,74.0,0.21238938064827317,0.18264840195125623,0.2068965518385256,0.1785714286929847,0.1420118344566717,76.0,73.0,338.0,421.0,258.0
O=C(O)CCCCCCCCCCCCCCCCCCCCCCCCCCCCCCC(=O)O,COC(=O)c1cc(N)c(O)c(N)c1,*Nc1cc(C(=O)OC)cc(NC(=O)CCCCCCCCCCCCCCCCCCCCCCCCCCCCCCC(*)=O)c1O,"{'step_growth': ['di_amine', 'di_carboxylic_acid']}",1,0.5067204301075269,0.5067204301075269,0.5067204301075269,0.5067204301075269,0.5067204301075269,615.0,453.0,454.0,455.0,456.0,0.29784169859063525,0.29784169859063525,0.29784169859063525,0.29784169859063525,0.29784169859063525,453.0,454.0,615.0,455.0,459.0,0.17506631316279855,0.17506631316279855,0.17506631316279855,0.17506631316279855,0.17506631316279855,758.0,75.0,338.0,146.0,17.0
OCC(CO)NC1CCCCCCC1,CC(C)(N=C=O)c1cccc(C(C)(C)N=C=O)c1,*OCC(COC(=O)NC(C)(C)c1cccc(C(C)(C)NC(*)=O)c1)NC1CCCCCCC1,"{'step_growth': ['di_isocyanate', 'di_ol']}",1,0.23333333333333334,0.2238095238095238,0.18095238095238095,0.18040873854827344,0.17142857142857143,195.0,194.0,198.0,144.0,197.0,0.21081851067789195,0.19518001458970663,0.1745743121887939,0.17807996398511175,0.16162440712835371,195.0,194.0,144.0,198.0,197.0,0.1904761905945578,0.1702127660813943,0.16842105273850416,0.175781250102565,0.15238095249206346,195.0,144.0,194.0,198.0,196.0
NCCNC(=O)NN,CC(C)(NC(=O)c1ccccc1C(=O)O)C(=O)O,*NCCNC(=O)NNC(=O)c1ccccc1C(=O)NC(C)(C)C(*)=O,"{'step_growth': ['di_amine', 'di_carboxylic_acid']}",1,0.28036175710594313,0.27728085867620755,0.225,0.2129032258064516,0.2041343669250646,710.0,708.0,739.0,738.0,76.0,0.22733144649015782,0.20720475471299118,0.22360679774997896,0.2125118592516207,0.20333142711013955,710.0,739.0,738.0,708.0,76.0,0.18433179736927516,0.15483870982157752,0.2222222223234568,0.21212121222157945,0.20253164567040538,739.0,738.0,76.0,434.0,338.0
Cc1nc(O)c(N)c(O)n1,O=C=Nc1ccc(C(c2ccc(N=C=O)cc2)(C(F)(F)F)C(F)(F)F)cc1,*Oc1nc(C)nc(OC(=O)Nc2ccc(C(c3ccc(NC(*)=O)cc3)(C(F)(F)F)C(F)(F)F)cc2)c1N,"{'step_growth': ['di_isocyanate', 'di_ol']}",1,0.3275862068965517,0.3275862068965517,0.2990716180371353,0.2684063373718546,0.24673202614379083,197.0,196.0,198.0,303.0,759.0,0.28850345742554334,0.28850345742554334,0.23601465584129155,0.1615396563628238,0.2061156474669474,196.0,197.0,198.0,759.0,194.0,0.25408348469594044,0.25408348469594044,0.18625277175634827,0.09722222238600019,0.17218543059378974,197.0,196.0,194.0,198.0,759.0
O=C(O)C1CNCC(C(=O)O)C1,CC(C)(N)c1ccccc1N,*NC(C)(C)c1ccccc1NC(=O)C1CNCC(C(*)=O)C1,"{'step_growth': ['di_amine', 'di_carboxylic_acid']}",1,0.24939024390243902,0.2,0.19444444444444442,0.18010752688172044,0.1724137931034483,390.0,538.0,498.0,499.0,722.0,0.14815943949743846,0.19720265943665388,0.19245008972987526,0.1796053020267749,0.16893032708849504,538.0,498.0,499.0,731.0,723.0,0.08801956006690659,0.19444444454722226,0.1904761905782313,0.1791044777124972,0.16551724148331035,538.0,498.0,499.0,724.0,723.0
O=C(O)CCCCCCCCCCCCCCCCCCCCCCCCCCCCCCC(=O)O,Cc1nc(N)c(C#N)c(N)n1,*Nc1nc(C)nc(NC(=O)CCCCCCCCCCCCCCCCCCCCCCCCCCCCCCC(*)=O)c1C#N,"{'step_growth': ['di_amine', 'di_carboxylic_acid']}",1,0.47833333333333333,0.47756410256410253,0.47756410256410253,0.4583333333333333,0.4583333333333333,454.0,455.0,453.0,459.0,615.0,0.19148542155126763,0.1877669040497027,0.1877669040497027,0.0,0.0,454.0,453.0,455.0,721.0,28.0,0.07665505244878291,0.07382550354024595,0.07382550354024595,1.999999999781818e-10,1.999999999781818e-10,447.0,538.0,721.0,523.0,28.0
OC(c1ccccc1)(c1ccccc1)C(O)(c1ccccc1)c1ccccc1,O=C(O)CC(NC(=O)c1ccccc1Cl)C(=O)O,*OC(c1ccccc1)(c1ccccc1)C(OC(=O)C(CC(*)=O)NC(=O)c1ccccc1Cl)(c1ccccc1)c1ccccc1,"{'step_growth': ['di_carboxylic_acid', 'di_ol']}",1,0.2886486486486487,0.2886486486486487,0.2608359133126935,0.2608359133126935,0.2608359133126935,717.0,716.0,154.0,251.0,156.0,0.28851905178556797,0.28851905178556797,0.25498133240721954,0.25498133240721954,0.25498133240721954,717.0,716.0,156.0,154.0,296.0,0.28838951320870404,0.28838951320870404,0.24925816034182743,0.24925816034182743,0.24925816034182743,717.0,716.0,296.0,154.0,57.0
OB(O)c1cnc(O)nc1O,O=C(O)CC(NC(=O)OCC1c2ccccc2-c2ccccc21)C(=O)O,*Oc1nc(OC(=O)C(CC(*)=O)NC(=O)OCC2c3ccccc3-c3ccccc32)ncc1B(O)O,"{'step_growth': ['di_carboxylic_acid', 'di_ol']}",1,0.27496740547588006,0.22198275862068967,0.1695736434108527,0.1695736434108527,0.16883116883116883,606.0,605.0,716.0,717.0,20.0,0.20552981112104496,0.16081688022566923,0.1460062651305222,0.1460062651305222,0.1685499656158105,606.0,64.0,20.0,605.0,477.0,0.15362731166617727,0.11650485451644828,0.12571428584015018,0.12571428584015018,0.1682692308695636,64.0,20.0,171.0,477.0,44.0
O=C=NCCCCCCN=C=O,COC(=O)CC(=O)c1ccc(O)cc1O,*Oc1cc(OC(=O)NCCCCCCNC(*)=O)ccc1C(=O)CC(=O)OC,"{'step_growth': ['di_isocyanate', 'di_ol']}",1,0.5888888888888889,0.5803571428571429,0.5740740740740741,0.5377358490566038,0.40251196172248804,762.0,526.0,763.0,525.0,58.0,0.4216370213557839,0.4008918628686366,0.3849001794597505,0.27472112789737807,0.22414110388271213,762.0,526.0,763.0,525.0,520.0,0.3018867926015664,0.276923077075361,0.25806451628407906,0.1403508773668821,0.12481426465636113,762.0,526.0,763.0,194.0,520.0
COc1ccc(C#N)c(N)c1N,O=C(O)CCCCCCCCC(=O)O,*Nc1c(C#N)ccc(OC)c1NC(=O)CCCCCCCCC(*)=O,"{'step_growth': ['di_amine', 'di_carboxylic_acid']}",1,0.4583333333333333,0.4583333333333333,0.4583333333333333,0.4583333333333333,0.4583333333333333,456.0,459.0,462.0,454.0,615.0,0.0,0.0,0.0,0.0,0.0,75.0,449.0,538.0,721.0,77.0,1.999999999781818e-10,1.999999999781818e-10,1.999999999781818e-10,1.999999999781818e-10,1.999999999781818e-10,75.0,449.0,538.0,77.0,76.0
O=C(O)CS(=O)(=O)c1ccccc1C(=O)O,Oc1ccccc1Nc1ccccc1O,*Oc1ccccc1Nc1ccccc1OC(=O)c1ccccc1S(=O)(=O)CC(*)=O,"{'step_growth': ['di_carboxylic_acid', 'di_ol']}",1,0.2454212454212454,0.23968253968253966,0.23968253968253966,0.22,0.21602787456445993,637.0,717.0,716.0,386.0,188.0,0.24209101306752095,0.2390457218668787,0.2390457218668787,0.21908902300206645,0.20447945297729908,637.0,716.0,717.0,386.0,142.0,0.23880597025194925,0.2384105961270207,0.2384105961270207,0.21818181828264466,0.19354838720718004,637.0,717.0,716.0,386.0,142.0
Nc1ccc(NS(=O)(=O)c2ccc(N)cc2)cc1,O=C(O)CCCCCCCCC(=O)O,*Nc1ccc(NS(=O)(=O)c2ccc(NC(=O)CCCCCCCCC(*)=O)cc2)cc1,"{'step_growth': ['di_amine', 'di_carboxylic_acid']}",1,0.4739583333333333,0.4739583333333333,0.4739583333333333,0.4739583333333333,0.4739583333333333,453.0,462.0,454.0,455.0,456.0,0.1692508000965825,0.1692508000965825,0.1692508000965825,0.1692508000965825,0.1692508000965825,457.0,757.0,458.0,448.0,453.0,0.06043956062680836,0.06043956062680836,0.06043956062680836,0.06043956062680836,0.06043956062680836,457.0,458.0,448.0,166.0,75.0
COC(=O)c1nc(O)nc(O)c1C(F)(F)F,O=C(O)CCCCCCCCC(=O)O,*Oc1nc(OC(=O)CCCCCCCCC(*)=O)nc(C(=O)OC)c1C(F)(F)F,"{'step_growth': ['di_carboxylic_acid', 'di_ol']}",1,0.49887387387387383,0.49887387387387383,0.49887387387387383,0.49887387387387383,0.49887387387387383,462.0,615.0,453.0,454.0,455.0,0.2726248784031353,0.2726248784031353,0.2726248784031353,0.2726248784031353,0.2726248784031353,459.0,456.0,453.0,615.0,454.0,0.1489841988157341,0.1489841988157341,0.1489841988157341,0.1489841988157341,0.1489841988157341,28.0,609.0,721.0,758.0,27.0
Oc1cc(-c2cccc(Br)c2)nc(O)n1,O=C(O)c1cnc(Cl)cc1C(=O)O,*Oc1nc(OC(=O)c2cc(Cl)ncc2C(*)=O)cc(-c2cccc(Br)c2)n1,"{'step_growth': ['di_carboxylic_acid', 'di_ol']}",1,0.23804226918798665,0.19067028985507245,0.17714002968827314,0.17714002968827314,0.17048054919908467,31.0,138.0,95.0,94.0,303.0,0.19159189107384028,0.18674364354857464,0.17655788509358186,0.17655788509358186,0.16571045299983223,31.0,138.0,94.0,95.0,149.0,0.15420560761185473,0.18289786233685548,0.17597765373194113,0.17597765373194113,0.16107382560887348,138.0,94.0,95.0,149.0,33.0
